id,first_name,last_name
1,Lisa,F.
2,Jason,S.
3,Helen,R.
4,Jennifer,S.
5,Jesse,F.
6,Anne,S.
7,Scott,B.
8,Kimberly,C.
9,Thomas,J.
10,Victor,O.
11,Gregory,T.
12,Louise,A.
13,Jacqueline,O.
14,Joshua,P.
15,Joshua,G.
16,Scott,E.
17,Mildred,G.
18,Sean,A.
19,Jacqueline,O.
20,Fred,A.
21,Howard,G.
22,Thomas,C.
23,David,G.
24,Martin,J.
25,Adam,J.
26,Dennis,O.
27,Lisa,T.
28,Frank,S.
29,David,B.
30,Sean,K.
31,David,O.
32,Sara,T.
33,Gerald,G.
34,Benjamin,G.
35,Brenda,E.
36,Mary,C.
37,Andrea,S.
38,Kathryn,E.
39,Gregory,M.
40,Jane,N.
41,Sarah,J.
42,Lillian,T.
43,Anne,B.
44,Sara,N.
45,Kathryn,G.
46,Jesse,T.
47,Fred,J.
48,Theresa,K.
49,Lillian,D.
50,Willie,O.
51,Lillian,G.
52,Elizabeth,R.
53,Aaron,L.
54,Kathleen,B.
55,Arthur,S.
56,Timothy,M.
57,Andrea,B.
58,Jennifer,S.
59,Teresa,D.
60,Nicholas,N.
61,Norma,L.
62,Amanda,T.
63,Christina,J.
64,David,W.
65,Jane,B.
66,Fred,W.
67,Gregory,W.
68,Louise,C.
69,Kimberly,C.
70,Barbara,A.
71,Willie,A.
72,Louise,K.
73,Anna,B.
74,Gregory,B.
75,Sara,W.
76,Shawn,O.
77,Anne,D.
78,Kathryn,D.
79,Adam,H.
80,Janet,A.
81,Mildred,W.
82,Amanda,L.
83,Gloria,C.
84,Anne,C.
85,Shawn,P.
86,Sarah,C.
87,Henry,O.
88,Willie,M.
89,Virginia,P.
90,Jean,N.
91,Norma,T.
92,Gregory,P.
93,Anne,B.
94,Nicole,E.
95,Jennifer,J.
96,David,T.
97,Jean,J.
98,Arthur,C.
99,Frank,T.
100,Norma,E.
101,Brenda,B.
102,Frank,D.
103,Helen,O.
104,Andrea,L.
105,Anne,G.
106,Lisa,T.
107,Willie,F.
108,David,T.
109,Thomas,N.
110,Amy,C.
111,Kathryn,D.
112,Todd,K.
113,Elizabeth,H.
114,Gloria,C.
115,Helen,A.
116,Anne,T.
117,Jimmy,R.
118,Dennis,A.
119,Virginia,E.
120,Theresa,R.
121,Kimberly,E.
122,Gregory,S.
123,Jane,A.
124,Teresa,K.
125,Billy,L.
126,Anne,M.
127,Billy,R.
128,Joshua,P.
129,Norma,A.
130,Teresa,G.
131,Marie,L.
132,David,K.
133,Kimberly,K.
134,Amanda,T.
135,Margaret,F.
136,Amanda,N.
137,Sarah,O.
138,Jesse,B.
139,Martin,L.
140,Harry,J.
141,Sara,P.
142,Sean,P.
143,Virginia,R.
144,Henry,C.
145,Katherine,C.
146,Marie,O.
147,Steve,N.
148,Thomas,S.
149,Brenda,L.
150,Dennis,L.
151,Anne,H.
152,Sara,L.
153,Harry,M.
154,Amanda,B.
155,Jesse,B.
156,Aaron,C.
157,Maria,M.
158,Aaron,E.
159,Mildred,A.
160,Laura,A.
161,Virginia,O.
162,Jason,H.
163,Jennifer,G.
164,Todd,A.
165,Lillian,C.
166,Shirley,C.
167,Kimberly,H.
168,Kathleen,F.
169,Benjamin,J.
170,Edward,T.
171,Rose,S.
172,Gregory,D.
173,Shirley,D.
174,Timothy,S.
175,Victor,K.
176,Jennifer,H.
177,Harold,W.
178,Kelly,F.
179,Kathleen,M.
180,Timothy,F.
181,Brenda,G.
182,Jean,R.
183,Jason,W.
184,Harold,T.
185,Laura,O.
186,Sean,O.
187,Frank,R.
188,Maria,T.
189,Paul,J.
190,Teresa,P.
191,Jacqueline,B.
192,Willie,L.
193,Helen,L.
194,Howard,N.
195,Lisa,P.
196,Norma,A.
197,Virginia,D.
198,Martin,K.
199,Judy,N.
200,Joshua,F.
201,Theresa,P.
202,Harry,H.
203,Gerald,B.
204,Frances,E.
205,Fred,C.
206,Jacqueline,F.
207,Sean,R.
208,Fred,K.
209,David,P.
210,Sarah,G.
211,Kelly,H.
212,Anne,S.
213,Nicholas,H.
214,Willie,R.
215,Edward,P.
216,Louise,T.
217,Kelly,F.
218,Rose,C.
219,Barbara,T.
220,Frank,L.
221,Paul,B.
222,Arthur,C.
223,Scott,J.
224,Lisa,N.
225,Martin,K.
226,Nicholas,C.
227,Diana,M.
228,Andrea,W.
229,Fred,H.
230,Maria,S.
231,Johnny,T.
232,Anne,D.
233,Timothy,B.
234,Laura,R.
235,Fred,C.
236,Frank,W.
237,Diana,S.
238,Barbara,R.
239,Henry,K.
240,Michael,T.
241,Theresa,T.
242,Kathryn,L.
243,Kimberly,M.
244,Virginia,F.
245,David,N.
246,Aaron,J.
247,Michael,T.
248,Gloria,J.
249,Dennis,N.
250,Alan,F.
251,Anna,F.
252,Gerald,J.
253,Diana,G.
254,Amanda,W.
255,Harry,H.
256,Gerald,S.
257,Harry,P.
258,Sara,S.
259,Frank,B.
260,Elizabeth,J.
261,Kathryn,K.
262,Gerald,R.
263,Frank,W.
264,Rose,K.
265,Frank,A.
266,Marie,S.
267,Sean,K.
268,Adam,M.
269,Andrea,F.
270,Louise,K.
271,Aaron,A.
272,Joshua,B.
273,Henry,D.
274,Harold,G.
275,Nicholas,N.
276,Dennis,G.
277,Gregory,R.
278,Mildred,G.
279,Edward,T.
280,Steve,G.
281,Todd,K.
282,Nicole,A.
283,Janet,E.
284,Sarah,J.
285,Jesse,B.
286,Jane,D.
287,Sean,O.
288,Kathleen,D.
289,Jason,P.
290,Johnny,L.
291,Amanda,C.
292,Dennis,A.
293,Christina,M.
294,Joshua,K.
295,Christina,W.
296,Frank,O.
297,Billy,T.
298,Jack,T.
299,Benjamin,H.
300,Amanda,F.
