id,order_id,payment_method,amount
1,1,bank_transfer,100
2,2,credit_card,800
3,2,bank_transfer,100
4,3,coupon,400
5,3,bank_transfer,500
6,3,credit_card,100
7,4,credit_card,600
8,4,credit_card,200
9,5,gift_card,600
10,6,bank_transfer,200
11,7,bank_transfer,500
12,7,gift_card,100
13,8,bank_transfer,200
14,9,coupon,300
15,10,coupon,300
16,10,bank_transfer,100
17,11,coupon,300
18,11,gift_card,400
19,12,bank_transfer,700
20,12,gift_card,200
21,12,bank_transfer,100
22,13,bank_transfer,500
23,13,bank_transfer,400
24,14,credit_card,700
25,14,bank_transfer,100
26,15,bank_transfer,400
27,15,credit_card,400
28,16,credit_card,200
29,16,credit_card,300
30,17,gift_card,200
31,17,credit_card,300
32,17,credit_card,300
33,18,bank_transfer,100
34,18,bank_transfer,400
35,18,coupon,400
36,19,gift_card,800
37,19,bank_transfer,100
38,19,credit_card,100
39,20,gift_card,500
40,21,gift_card,400
41,21,bank_transfer,300
42,22,gift_card,500
43,22,credit_card,200
44,23,gift_card,400
45,24,gift_card,200
46,24,bank_transfer,300
47,25,bank_transfer,700
48,25,coupon,200
49,25,coupon,100
50,26,gift_card,500
51,26,credit_card,200
52,26,credit_card,200
53,27,gift_card,200
54,27,coupon,500
55,27,credit_card,100
56,28,bank_transfer,600
57,28,credit_card,100
58,28,gift_card,200
59,29,bank_transfer,500
60,30,gift_card,100
61,31,credit_card,400
62,31,credit_card,100
63,32,credit_card,600
64,32,coupon,200
65,33,gift_card,800
66,33,coupon,100
67,33,gift_card,100
68,34,coupon,400
69,34,coupon,200
70,34,coupon,300
71,35,credit_card,800
72,35,bank_transfer,100
73,35,credit_card,100
74,36,coupon,100
75,36,bank_transfer,700
76,36,bank_transfer,200
77,37,bank_transfer,300
78,37,credit_card,300
79,37,coupon,300
80,38,coupon,800
81,38,bank_transfer,100
82,39,gift_card,500
83,39,bank_transfer,300
84,40,credit_card,100
85,40,bank_transfer,100
86,41,gift_card,500
87,41,coupon,300
88,41,credit_card,100
89,42,bank_transfer,200
90,42,coupon,700
91,43,credit_card,500
92,43,gift_card,200
93,44,bank_transfer,700
94,45,coupon,500
95,46,gift_card,300
96,46,coupon,100
97,47,credit_card,200
98,47,gift_card,300
99,48,gift_card,100
100,48,credit_card,600
101,49,credit_card,500
102,49,coupon,100
103,50,coupon,200
104,50,bank_transfer,500
105,51,credit_card,600
106,51,gift_card,200
107,51,coupon,100
108,52,bank_transfer,800
109,52,coupon,100
110,53,bank_transfer,700
111,53,gift_card,100
112,54,credit_card,800
113,55,credit_card,600
114,55,coupon,100
115,56,bank_transfer,100
116,56,bank_transfer,100
117,57,coupon,100
118,57,coupon,400
119,57,credit_card,500
120,58,bank_transfer,300
121,58,bank_transfer,100
122,59,gift_card,500
123,59,credit_card,100
124,59,credit_card,200
125,60,coupon,400
126,60,gift_card,300
127,60,credit_card,200
128,61,bank_transfer,200
129,61,coupon,300
130,62,bank_transfer,600
131,62,credit_card,100
132,62,bank_transfer,300
133,63,bank_transfer,600
134,63,coupon,300
135,63,gift_card,100
136,64,coupon,700
137,64,coupon,100
138,64,coupon,200
139,65,bank_transfer,600
140,66,gift_card,800
141,66,credit_card,100
142,67,bank_transfer,400
143,67,credit_card,400
144,67,credit_card,100
145,68,coupon,600
146,68,credit_card,300
147,69,gift_card,300
148,69,credit_card,600
149,69,bank_transfer,100
150,70,coupon,700
151,70,credit_card,200
152,71,credit_card,300
153,72,credit_card,200
154,73,credit_card,100
155,73,bank_transfer,800
156,74,gift_card,300
157,75,credit_card,400
158,75,bank_transfer,200
159,75,coupon,200
160,76,bank_transfer,100
161,77,bank_transfer,200
162,77,gift_card,600
163,78,gift_card,300
164,79,coupon,800
165,79,credit_card,100
166,79,coupon,100
167,80,coupon,300
168,80,credit_card,100
169,80,bank_transfer,500
170,81,credit_card,200
171,81,bank_transfer,100
172,82,coupon,500
173,82,credit_card,200
174,82,credit_card,200
175,83,credit_card,400
176,83,bank_transfer,400
177,84,gift_card,800
178,84,gift_card,100
179,85,bank_transfer,600
180,85,gift_card,300
181,86,bank_transfer,800
182,87,coupon,700
183,87,gift_card,100
184,87,gift_card,200
185,88,bank_transfer,100
186,88,bank_transfer,400
187,88,bank_transfer,500
188,89,credit_card,500
189,89,bank_transfer,100
190,90,credit_card,800
191,90,gift_card,100
192,90,credit_card,100
193,91,credit_card,200
194,91,coupon,400
195,91,bank_transfer,300
196,92,coupon,700
197,92,bank_transfer,100
198,92,coupon,200
199,93,bank_transfer,500
200,93,coupon,400
201,93,bank_transfer,100
202,94,bank_transfer,200
203,94,coupon,300
204,95,bank_transfer,600
205,95,coupon,300
206,95,coupon,100
207,96,bank_transfer,100
208,96,coupon,800
209,96,gift_card,100
210,97,bank_transfer,100
211,98,coupon,300
212,98,bank_transfer,400
213,98,bank_transfer,200
214,99,credit_card,400
215,99,credit_card,400
216,99,coupon,100
217,100,bank_transfer,700
218,100,bank_transfer,200
219,100,bank_transfer,100
220,101,credit_card,500
221,102,gift_card,800
222,102,bank_transfer,100
223,102,coupon,100
224,103,gift_card,600
225,104,gift_card,300
226,104,credit_card,200
227,104,gift_card,200
228,105,credit_card,200
229,105,bank_transfer,600
230,105,gift_card,100
231,106,gift_card,300
232,106,credit_card,600
233,107,bank_transfer,200
234,108,gift_card,400
235,108,bank_transfer,400
236,109,gift_card,700
237,109,credit_card,200
238,109,gift_card,100
239,110,gift_card,800
240,110,credit_card,100
241,111,coupon,300
242,111,credit_card,300
243,112,credit_card,500
244,112,gift_card,200
245,112,coupon,300
246,113,bank_transfer,500
247,113,bank_transfer,200
248,114,bank_transfer,500
249,115,gift_card,200
250,116,credit_card,800
251,116,bank_transfer,100
252,117,credit_card,400
253,117,coupon,300
254,117,bank_transfer,100
255,118,bank_transfer,600
256,118,coupon,300
257,118,coupon,100
258,119,bank_transfer,500
259,120,credit_card,200
260,121,gift_card,800
261,121,coupon,100
262,121,bank_transfer,100
263,122,credit_card,200
264,123,bank_transfer,100
265,124,bank_transfer,100
266,124,gift_card,600
267,124,gift_card,300
268,125,credit_card,600
269,125,credit_card,200
270,126,gift_card,700
271,127,gift_card,700
272,127,credit_card,200
273,128,credit_card,100
274,128,coupon,500
275,128,coupon,100
276,129,gift_card,400
277,129,coupon,400
278,130,credit_card,700
279,130,bank_transfer,200
280,130,credit_card,100
281,131,gift_card,400
282,131,credit_card,500
283,132,gift_card,100
284,133,credit_card,300
285,133,coupon,100
286,134,credit_card,300
287,135,coupon,500
288,135,coupon,400
289,136,coupon,100
290,137,bank_transfer,100
291,137,gift_card,400
292,138,coupon,800
293,139,credit_card,300
294,140,credit_card,600
295,141,coupon,500
296,141,gift_card,200
297,142,bank_transfer,100
298,142,bank_transfer,700
299,143,bank_transfer,500
300,144,bank_transfer,300
301,145,coupon,500
302,145,gift_card,200
303,146,gift_card,500
304,147,coupon,100
305,147,coupon,500
306,148,gift_card,800
307,148,bank_transfer,100
308,149,gift_card,800
309,149,coupon,100
310,150,coupon,500
311,151,coupon,200
312,151,credit_card,100
313,151,credit_card,300
314,152,gift_card,500
315,152,coupon,200
316,152,credit_card,300
317,153,credit_card,100
318,153,gift_card,700
319,154,coupon,400
320,155,bank_transfer,300
321,155,gift_card,500
322,155,credit_card,100
323,156,coupon,700
324,157,gift_card,200
325,157,coupon,200
326,157,coupon,100
327,158,coupon,500
328,159,bank_transfer,200
329,159,credit_card,500
330,160,credit_card,100
331,160,credit_card,700
332,160,gift_card,200
333,161,credit_card,800
334,162,credit_card,500
335,163,coupon,100
336,164,bank_transfer,100
337,164,bank_transfer,700
338,164,coupon,200
339,165,gift_card,500
340,166,gift_card,200
341,167,bank_transfer,800
342,167,credit_card,100
343,168,credit_card,200
344,168,gift_card,400
345,169,credit_card,100
346,169,bank_transfer,800
347,170,bank_transfer,300
348,171,coupon,400
349,172,gift_card,100
350,173,bank_transfer,300
351,173,coupon,400
352,174,gift_card,200
353,174,bank_transfer,400
354,175,gift_card,500
355,175,credit_card,400
356,176,credit_card,100
357,176,credit_card,600
358,176,bank_transfer,300
359,177,coupon,600
360,178,coupon,700
361,178,bank_transfer,100
362,178,credit_card,200
363,179,coupon,300
364,179,coupon,300
365,180,gift_card,500
366,180,credit_card,400
367,180,bank_transfer,100
368,181,gift_card,600
369,181,bank_transfer,100
370,182,coupon,300
371,182,credit_card,200
372,183,gift_card,200
373,183,coupon,100
374,183,coupon,200
375,184,credit_card,600
376,185,bank_transfer,300
377,185,coupon,300
378,186,gift_card,800
379,187,credit_card,400
380,187,coupon,400
381,187,coupon,200
382,188,credit_card,200
383,188,gift_card,500
384,189,gift_card,800
385,189,gift_card,100
386,189,bank_transfer,100
387,190,bank_transfer,800
388,190,coupon,100
389,191,gift_card,200
390,191,gift_card,100
391,192,coupon,500
392,193,credit_card,200
393,193,bank_transfer,200
394,193,coupon,200
395,194,credit_card,400
396,194,credit_card,500
397,194,bank_transfer,100
398,195,bank_transfer,400
399,195,credit_card,500
400,196,gift_card,100
401,197,gift_card,200
402,197,gift_card,100
403,197,bank_transfer,100
404,198,credit_card,400
405,198,coupon,100
406,198,coupon,300
407,199,bank_transfer,200
408,199,coupon,600
409,199,coupon,200
410,200,bank_transfer,300
411,201,coupon,200
412,201,bank_transfer,600
413,202,bank_transfer,600
414,203,credit_card,300
415,203,gift_card,300
416,204,bank_transfer,400
417,204,credit_card,100
418,204,bank_transfer,500
419,205,bank_transfer,500
420,205,bank_transfer,300
421,206,bank_transfer,300
422,206,gift_card,300
423,207,bank_transfer,800
424,207,gift_card,100
425,207,credit_card,100
426,208,bank_transfer,600
427,208,credit_card,100
428,209,coupon,300
429,209,credit_card,200
430,209,coupon,500
431,210,credit_card,300
432,210,gift_card,400
433,210,coupon,200
434,211,coupon,700
435,212,gift_card,400
436,212,gift_card,500
437,212,gift_card,100
438,213,coupon,700
439,213,gift_card,200
440,213,gift_card,100
441,214,bank_transfer,100
442,214,coupon,200
443,215,coupon,800
444,216,bank_transfer,200
445,216,coupon,600
446,217,bank_transfer,200
447,217,bank_transfer,700
448,218,gift_card,300
449,218,bank_transfer,400
450,219,credit_card,400
451,220,coupon,600
452,220,coupon,300
453,220,bank_transfer,100
454,221,credit_card,100
455,221,bank_transfer,400
456,221,gift_card,200
457,222,bank_transfer,300
458,223,bank_transfer,600
459,223,bank_transfer,100
460,224,credit_card,700
461,224,bank_transfer,200
462,224,gift_card,100
463,225,coupon,100
464,225,bank_transfer,700
465,225,bank_transfer,200
466,226,credit_card,200
467,226,coupon,400
468,226,credit_card,100
469,227,gift_card,100
470,227,coupon,700
471,227,bank_transfer,200
472,228,coupon,600
473,228,bank_transfer,200
474,228,coupon,100
475,229,bank_transfer,400
476,230,credit_card,400
477,230,bank_transfer,100
478,231,gift_card,500
479,232,bank_transfer,600
480,232,bank_transfer,100
481,232,gift_card,100
482,233,coupon,300
483,234,gift_card,800
484,234,coupon,100
485,234,coupon,100
486,235,bank_transfer,600
487,235,gift_card,100
488,236,coupon,800
489,236,coupon,100
490,236,gift_card,100
491,237,gift_card,100
492,238,credit_card,100
493,239,credit_card,400
494,240,bank_transfer,600
495,240,gift_card,300
496,241,coupon,800
497,242,coupon,200
498,243,gift_card,600
499,243,bank_transfer,200
500,243,bank_transfer,200
501,244,gift_card,500
502,244,bank_transfer,200
503,244,bank_transfer,200
504,245,bank_transfer,500
505,245,bank_transfer,300
506,246,bank_transfer,300
507,246,bank_transfer,500
508,247,gift_card,300
509,247,credit_card,600
510,247,coupon,100
511,248,coupon,200
512,249,gift_card,600
513,250,gift_card,600
514,251,coupon,700
515,251,bank_transfer,200
516,252,bank_transfer,200
517,253,credit_card,600
518,253,credit_card,100
519,253,credit_card,200
520,254,gift_card,100
521,254,bank_transfer,200
522,255,coupon,700
523,255,gift_card,200
524,256,credit_card,300
525,257,gift_card,600
526,258,gift_card,200
527,259,bank_transfer,400
528,259,gift_card,300
529,259,bank_transfer,300
530,260,coupon,600
531,260,bank_transfer,300
532,260,coupon,100
533,261,gift_card,200
534,261,bank_transfer,300
535,262,gift_card,400
536,262,coupon,100
537,263,bank_transfer,500
538,264,coupon,600
539,265,credit_card,600
540,265,credit_card,100
541,266,credit_card,600
542,266,gift_card,300
543,267,gift_card,600
544,267,gift_card,100
545,268,gift_card,500
546,268,credit_card,400
547,269,bank_transfer,600
548,270,coupon,400
549,270,bank_transfer,300
550,271,bank_transfer,700
551,271,bank_transfer,100
552,271,gift_card,200
553,272,bank_transfer,800
554,272,credit_card,100
555,272,gift_card,100
556,273,gift_card,200
557,273,gift_card,300
558,274,credit_card,600
559,274,coupon,100
560,274,coupon,100
561,275,bank_transfer,200
562,275,bank_transfer,200
563,276,bank_transfer,600
564,276,credit_card,200
565,277,gift_card,800
566,277,gift_card,100
567,278,bank_transfer,700
568,278,coupon,100
569,278,coupon,200
570,279,bank_transfer,300
571,279,gift_card,500
572,280,coupon,300
573,280,gift_card,600
574,281,credit_card,100
575,281,bank_transfer,800
576,281,bank_transfer,100
577,282,gift_card,400
578,283,credit_card,700
579,284,bank_transfer,600
580,285,bank_transfer,500
581,285,coupon,100
582,285,credit_card,100
583,286,bank_transfer,300
584,287,bank_transfer,800
585,287,gift_card,100
586,287,coupon,100
587,288,coupon,300
588,289,credit_card,500
589,289,credit_card,400
590,289,credit_card,100
591,290,coupon,400
592,290,bank_transfer,400
593,290,coupon,100
594,291,bank_transfer,400
595,292,bank_transfer,200
596,293,bank_transfer,500
597,293,coupon,200
598,294,bank_transfer,400
599,294,coupon,200
600,294,bank_transfer,300
601,295,gift_card,100
602,296,coupon,800
603,296,credit_card,100
604,296,coupon,100
605,297,coupon,600
606,297,credit_card,200
607,298,credit_card,500
608,298,coupon,300
609,298,coupon,200
610,299,bank_transfer,400
611,300,bank_transfer,700
612,300,bank_transfer,200
613,301,coupon,200
614,301,gift_card,600
615,301,bank_transfer,200
616,302,coupon,400
617,302,coupon,300
618,303,bank_transfer,500
619,303,bank_transfer,200
620,303,bank_transfer,300
621,304,gift_card,500
622,305,gift_card,400
623,305,credit_card,100
624,305,gift_card,500
625,306,coupon,800
626,307,bank_transfer,100
627,308,bank_transfer,300
628,309,gift_card,400
629,310,coupon,800
630,311,gift_card,700
631,312,gift_card,500
632,312,bank_transfer,100
633,312,credit_card,400
634,313,bank_transfer,300
635,313,bank_transfer,400
636,314,credit_card,600
637,315,credit_card,500
638,315,coupon,100
639,315,credit_card,200
640,316,gift_card,500
641,317,coupon,200
642,318,coupon,400
643,319,coupon,300
644,319,bank_transfer,500
645,319,credit_card,200
646,320,credit_card,800
647,320,bank_transfer,100
648,321,credit_card,800
649,322,coupon,200
650,322,credit_card,600
651,322,bank_transfer,100
652,323,gift_card,200
653,323,credit_card,400
654,323,bank_transfer,400
655,324,credit_card,200
656,324,gift_card,200
657,325,gift_card,300
658,325,gift_card,500
659,326,credit_card,400
660,326,bank_transfer,400
661,327,credit_card,200
662,327,credit_card,500
663,328,credit_card,700
664,328,bank_transfer,200
665,329,bank_transfer,700
666,329,gift_card,100
667,330,bank_transfer,400
668,330,coupon,500
669,331,credit_card,600
670,331,coupon,200
671,332,coupon,100
672,332,coupon,700
673,332,gift_card,100
674,333,credit_card,500
675,334,coupon,200
676,334,coupon,300
677,334,gift_card,200
678,335,gift_card,700
679,335,gift_card,100
680,336,coupon,300
681,336,coupon,600
682,336,coupon,100
683,337,coupon,800
684,338,credit_card,700
685,338,credit_card,100
686,338,gift_card,200
687,339,gift_card,600
688,340,coupon,200
689,341,coupon,700
690,341,gift_card,200
691,342,bank_transfer,200
692,342,credit_card,300
693,343,bank_transfer,500
694,344,gift_card,800
695,344,credit_card,100
696,344,coupon,100
697,345,gift_card,100
698,346,gift_card,200
699,347,bank_transfer,200
700,348,gift_card,800
701,348,coupon,100
702,348,credit_card,100
703,349,gift_card,200
704,350,bank_transfer,100
705,350,gift_card,400
706,350,bank_transfer,500
707,351,bank_transfer,500
708,352,coupon,700
709,353,coupon,300
710,354,credit_card,600
711,354,coupon,300
712,354,coupon,100
713,355,credit_card,300
714,355,gift_card,100
715,356,credit_card,600
716,356,bank_transfer,200
717,357,credit_card,400
718,357,gift_card,300
719,357,gift_card,300
720,358,gift_card,200
721,358,credit_card,500
722,358,coupon,100
723,359,coupon,200
724,360,bank_transfer,700
725,360,coupon,100
726,361,gift_card,200
727,362,bank_transfer,700
728,362,credit_card,100
729,363,coupon,200
730,363,bank_transfer,200
731,363,gift_card,500
732,364,gift_card,200
733,364,gift_card,400
734,365,gift_card,400
735,366,credit_card,300
736,366,gift_card,400
737,367,bank_transfer,700
738,367,credit_card,100
739,367,coupon,200
740,368,credit_card,800
741,369,bank_transfer,100
742,370,gift_card,100
743,370,gift_card,600
744,371,coupon,800
745,372,gift_card,600
746,372,coupon,200
747,372,gift_card,100
748,373,gift_card,100
749,373,coupon,400
750,373,gift_card,200
751,374,coupon,200
752,375,gift_card,200
753,375,coupon,400
754,375,bank_transfer,400
755,376,credit_card,500
756,376,coupon,300
757,377,gift_card,800
758,377,coupon,100
759,378,coupon,700
760,379,credit_card,400
761,380,gift_card,200
762,380,gift_card,100
763,380,bank_transfer,200
764,381,credit_card,600
765,381,gift_card,100
766,381,coupon,300
767,382,coupon,700
768,383,credit_card,300
769,383,gift_card,200
770,383,credit_card,400
771,384,gift_card,800
772,384,gift_card,100
773,385,bank_transfer,700
774,385,bank_transfer,100
775,385,coupon,200
776,386,gift_card,500
777,386,credit_card,400
778,386,bank_transfer,100
779,387,gift_card,400
780,387,bank_transfer,400
781,387,coupon,200
782,388,bank_transfer,400
783,389,gift_card,100
784,390,gift_card,800
785,390,gift_card,100
786,390,credit_card,100
787,391,bank_transfer,400
788,391,gift_card,100
789,391,bank_transfer,200
790,392,gift_card,800
791,392,credit_card,100
792,393,coupon,300
793,393,bank_transfer,200
794,394,gift_card,800
795,394,bank_transfer,100
796,395,coupon,300
797,395,bank_transfer,600
798,395,bank_transfer,100
799,396,coupon,800
800,396,bank_transfer,100
801,396,bank_transfer,100
802,397,coupon,400
803,397,coupon,200
804,397,gift_card,400
805,398,coupon,300
806,398,credit_card,500
807,399,bank_transfer,700
808,400,bank_transfer,500
809,400,credit_card,400
810,400,credit_card,100
811,401,bank_transfer,800
812,402,credit_card,100
813,402,bank_transfer,100
814,403,credit_card,500
815,403,coupon,100
816,404,bank_transfer,200
817,404,credit_card,600
818,405,credit_card,700
819,405,gift_card,200
820,406,credit_card,600
821,407,gift_card,700
822,407,coupon,200
823,408,coupon,600
824,408,bank_transfer,300
825,408,credit_card,100
826,409,coupon,300
827,409,coupon,100
828,410,credit_card,200
829,410,credit_card,500
830,410,gift_card,100
831,411,coupon,400
832,411,bank_transfer,400
833,412,gift_card,500
834,413,coupon,700
835,414,credit_card,500
836,415,bank_transfer,300
837,415,credit_card,200
838,416,bank_transfer,800
839,416,bank_transfer,100
840,417,coupon,100
841,417,bank_transfer,100
842,418,credit_card,200
843,418,coupon,200
844,419,gift_card,700
845,419,coupon,200
846,420,credit_card,400
847,421,gift_card,500
848,421,coupon,400
849,422,coupon,400
850,422,bank_transfer,300
851,423,coupon,100
852,424,credit_card,100
853,424,bank_transfer,400
854,424,credit_card,300
855,425,credit_card,400
856,425,gift_card,200
857,426,coupon,300
858,427,coupon,700
859,427,coupon,100
860,428,credit_card,700
861,428,credit_card,100
862,429,coupon,800
863,429,coupon,100
864,429,bank_transfer,100
865,430,credit_card,200
866,430,credit_card,500
867,431,coupon,700
868,432,gift_card,800
869,433,bank_transfer,700
870,433,gift_card,200
871,434,credit_card,500
872,434,coupon,100
873,434,gift_card,200
874,435,gift_card,400
875,436,credit_card,600
876,436,credit_card,100
877,436,credit_card,300
878,437,coupon,400
879,437,credit_card,500
880,438,coupon,700
881,438,credit_card,200
882,438,credit_card,100
883,439,coupon,500
884,439,coupon,300
885,440,credit_card,100
886,440,credit_card,100
887,441,credit_card,300
888,441,bank_transfer,100
889,441,coupon,600
890,442,coupon,400
891,442,coupon,400
892,442,bank_transfer,100
893,443,gift_card,200
894,444,gift_card,400
895,445,gift_card,400
896,445,credit_card,300
897,446,bank_transfer,700
898,447,credit_card,700
899,447,credit_card,200
900,447,credit_card,100
901,448,gift_card,200
902,448,bank_transfer,700
903,448,gift_card,100
904,449,coupon,700
905,449,credit_card,100
906,449,bank_transfer,200
907,450,credit_card,300
908,450,coupon,100
909,450,gift_card,600
910,451,credit_card,800
911,452,gift_card,800
912,452,credit_card,100
913,453,gift_card,800
914,453,credit_card,100
915,453,credit_card,100
916,454,credit_card,500
917,454,bank_transfer,400
918,454,coupon,100
919,455,gift_card,800
920,455,coupon,100
921,456,credit_card,500
922,456,coupon,200
923,457,credit_card,500
924,457,credit_card,400
925,458,bank_transfer,400
926,458,coupon,500
927,459,gift_card,600
928,459,coupon,200
929,460,credit_card,600
930,460,coupon,200
931,461,credit_card,200
932,462,bank_transfer,400
933,463,bank_transfer,400
934,463,credit_card,400
935,463,coupon,200
936,464,bank_transfer,100
937,464,credit_card,600
938,465,gift_card,800
939,466,credit_card,200
940,466,coupon,500
941,466,credit_card,300
942,467,bank_transfer,700
943,468,coupon,300
944,469,bank_transfer,100
945,469,coupon,600
946,470,gift_card,600
947,470,gift_card,200
948,470,gift_card,100
949,471,gift_card,800
950,472,coupon,500
951,473,gift_card,800
952,473,bank_transfer,100
953,473,credit_card,100
954,474,gift_card,800
955,474,gift_card,100
956,474,bank_transfer,100
957,475,credit_card,300
958,475,coupon,300
959,476,gift_card,400
960,476,credit_card,200
961,476,gift_card,200
962,477,credit_card,400
963,478,bank_transfer,500
964,478,bank_transfer,400
965,479,coupon,100
966,480,credit_card,200
967,481,credit_card,700
968,481,coupon,200
969,482,coupon,600
970,482,bank_transfer,300
971,483,gift_card,100
972,483,coupon,800
973,483,bank_transfer,100
974,484,credit_card,400
975,485,bank_transfer,100
976,485,credit_card,200
977,486,bank_transfer,100
978,486,credit_card,100
979,486,credit_card,600
980,487,bank_transfer,500
981,488,coupon,400
982,489,bank_transfer,600
983,489,coupon,300
984,489,credit_card,100
985,490,gift_card,500
986,491,gift_card,400
987,491,gift_card,400
988,492,gift_card,100
989,493,credit_card,200
990,493,coupon,500
991,494,bank_transfer,700
992,494,gift_card,200
993,494,coupon,100
994,495,gift_card,400
995,495,bank_transfer,400
996,495,credit_card,200
997,496,credit_card,600
998,496,credit_card,200
999,496,gift_card,100
1000,497,coupon,800
1001,497,coupon,100
1002,498,bank_transfer,200
1003,498,bank_transfer,200
1004,499,gift_card,700
1005,500,bank_transfer,500
1006,500,credit_card,100
1007,500,bank_transfer,200
1008,501,credit_card,300
1009,501,gift_card,600
1010,502,credit_card,300
1011,502,bank_transfer,300
1012,502,bank_transfer,400
1013,503,coupon,600
1014,503,bank_transfer,200
1015,503,gift_card,200
1016,504,gift_card,800
1017,505,gift_card,300
1018,506,gift_card,200
1019,506,gift_card,500
1020,507,gift_card,700
1021,508,gift_card,100
1022,508,gift_card,600
1023,509,coupon,100
1024,509,bank_transfer,800
1025,510,coupon,700
1026,510,credit_card,100
1027,510,gift_card,200
1028,511,bank_transfer,300
1029,512,bank_transfer,700
1030,513,bank_transfer,100
1031,514,bank_transfer,400
1032,515,credit_card,500
1033,516,gift_card,400
1034,516,credit_card,400
1035,516,gift_card,200
1036,517,coupon,400
1037,517,gift_card,500
1038,518,credit_card,500
1039,518,credit_card,100
1040,519,credit_card,600
1041,519,credit_card,300
1042,519,coupon,100
1043,520,gift_card,400
1044,520,bank_transfer,500
1045,521,bank_transfer,300
1046,522,coupon,300
1047,522,bank_transfer,500
1048,522,credit_card,200
1049,523,coupon,200
1050,523,gift_card,400
1051,524,bank_transfer,800
1052,524,coupon,100
1053,525,coupon,600
1054,526,bank_transfer,300
1055,526,bank_transfer,500
1056,526,coupon,200
1057,527,bank_transfer,600
1058,528,coupon,800
1059,528,coupon,100
1060,528,coupon,100
1061,529,bank_transfer,700
1062,529,gift_card,200
1063,530,gift_card,600
1064,531,gift_card,300
1065,532,credit_card,700
1066,532,bank_transfer,100
1067,532,coupon,100
1068,533,gift_card,500
1069,534,bank_transfer,100
1070,535,credit_card,700
1071,536,credit_card,600
1072,536,coupon,100
1073,537,coupon,200
1074,537,credit_card,600
1075,537,credit_card,200
1076,538,coupon,700
1077,539,bank_transfer,200
1078,539,gift_card,100
1079,540,gift_card,600
1080,540,bank_transfer,300
1081,541,coupon,100
1082,541,coupon,400
1083,542,coupon,400
1084,542,gift_card,500
1085,542,coupon,100
1086,543,credit_card,500
1087,544,coupon,500
1088,544,bank_transfer,100
1089,544,credit_card,200
1090,545,gift_card,500
1091,545,coupon,200
1092,546,gift_card,100
1093,547,coupon,300
1094,547,gift_card,300
1095,547,coupon,200
1096,548,credit_card,200
1097,549,coupon,700
1098,549,bank_transfer,200
1099,550,gift_card,400
1100,550,bank_transfer,300
1101,551,credit_card,400
1102,551,credit_card,300
1103,551,gift_card,300
1104,552,credit_card,100
1105,553,credit_card,400
1106,553,gift_card,500
1107,554,credit_card,300
1108,554,gift_card,300
1109,555,credit_card,500
1110,555,gift_card,100
1111,555,bank_transfer,200
1112,556,bank_transfer,300
1113,557,credit_card,400
1114,558,coupon,500
1115,558,credit_card,300
1116,559,bank_transfer,200
1117,559,coupon,700
1118,560,coupon,100
1119,561,coupon,300
1120,561,credit_card,600
1121,562,credit_card,700
1122,562,bank_transfer,200
1123,563,gift_card,400
1124,563,bank_transfer,200
1125,563,bank_transfer,300
1126,564,bank_transfer,600
1127,564,credit_card,100
1128,565,credit_card,500
1129,565,gift_card,400
1130,565,gift_card,100
1131,566,gift_card,800
1132,566,coupon,100
1133,566,credit_card,100
1134,567,bank_transfer,500
1135,568,bank_transfer,400
1136,568,bank_transfer,300
1137,569,coupon,200
1138,569,bank_transfer,100
1139,569,gift_card,400
1140,570,gift_card,700
1141,571,bank_transfer,200
1142,571,bank_transfer,600
1143,571,coupon,100
1144,572,bank_transfer,800
1145,572,credit_card,100
1146,572,gift_card,100
1147,573,bank_transfer,600
1148,573,credit_card,100
1149,574,credit_card,700
1150,574,credit_card,100
1151,574,coupon,200
1152,575,gift_card,700
1153,576,coupon,500
1154,577,coupon,600
1155,577,coupon,100
1156,577,coupon,200
1157,578,gift_card,400
1158,579,bank_transfer,100
1159,579,coupon,500
1160,579,coupon,300
1161,580,gift_card,200
1162,580,coupon,100
1163,581,bank_transfer,500
1164,581,gift_card,300
1165,581,credit_card,200
1166,582,bank_transfer,800
1167,583,bank_transfer,200
1168,583,gift_card,600
1169,584,coupon,300
1170,584,gift_card,200
1171,584,gift_card,500
1172,585,gift_card,700
1173,586,bank_transfer,400
1174,587,coupon,100
1175,587,bank_transfer,700
1176,587,coupon,100
1177,588,coupon,700
1178,588,credit_card,200
1179,589,bank_transfer,100
1180,589,credit_card,600
1181,589,gift_card,100
1182,590,gift_card,300
1183,590,coupon,100
1184,591,coupon,100
1185,591,coupon,700
1186,591,credit_card,100
1187,592,bank_transfer,700
1188,592,bank_transfer,100
1189,592,bank_transfer,200
1190,593,bank_transfer,700
1191,593,gift_card,200
1192,594,credit_card,300
1193,595,gift_card,100
1194,596,gift_card,300
1195,597,credit_card,800
1196,598,credit_card,500
1197,598,coupon,400
1198,598,credit_card,100
1199,599,gift_card,300
1200,599,gift_card,400
1201,599,credit_card,200
1202,600,gift_card,200
1203,600,coupon,200
1204,601,credit_card,500
1205,601,bank_transfer,200
1206,602,credit_card,800
1207,602,credit_card,100
1208,602,gift_card,100
1209,603,credit_card,600
1210,603,bank_transfer,100
1211,603,gift_card,300
1212,604,gift_card,500
1213,604,coupon,200
1214,605,coupon,500
1215,605,bank_transfer,200
1216,606,coupon,600
1217,606,credit_card,100
1218,607,credit_card,400
1219,607,bank_transfer,300
1220,608,bank_transfer,200
1221,608,coupon,700
1222,609,gift_card,300
1223,609,bank_transfer,100
1224,610,gift_card,800
1225,610,gift_card,100
1226,610,gift_card,100
1227,611,coupon,300
1228,612,credit_card,500
1229,612,credit_card,300
1230,612,credit_card,200
1231,613,credit_card,500
1232,613,credit_card,300
1233,613,gift_card,200
1234,614,coupon,200
1235,614,gift_card,400
1236,614,bank_transfer,200
1237,615,bank_transfer,800
1238,616,gift_card,600
1239,616,coupon,300
1240,616,bank_transfer,100
1241,617,gift_card,600
1242,618,bank_transfer,600
1243,619,credit_card,200
1244,620,gift_card,600
1245,621,bank_transfer,600
1246,621,gift_card,100
1247,622,coupon,400
1248,622,coupon,500
1249,623,credit_card,800
1250,623,credit_card,100
1251,623,bank_transfer,100
1252,624,gift_card,300
1253,624,bank_transfer,400
1254,624,bank_transfer,300
1255,625,bank_transfer,500
1256,626,bank_transfer,200
1257,626,gift_card,300
1258,626,coupon,300
1259,627,coupon,800
1260,627,coupon,100
1261,628,bank_transfer,100
1262,629,bank_transfer,700
1263,630,coupon,600
1264,630,coupon,200
1265,631,credit_card,800
1266,631,coupon,100
1267,632,coupon,100
1268,632,coupon,500
1269,632,coupon,400
1270,633,coupon,600
1271,633,bank_transfer,100
1272,633,bank_transfer,300
1273,634,coupon,800
1274,635,gift_card,400
1275,635,bank_transfer,400
1276,636,credit_card,300
1277,636,bank_transfer,400
1278,637,coupon,300
1279,637,coupon,600
1280,637,coupon,100
1281,638,bank_transfer,600
1282,639,gift_card,600
1283,639,credit_card,200
1284,640,gift_card,200
1285,640,credit_card,500
1286,640,credit_card,200
1287,641,coupon,600
1288,641,coupon,200
1289,642,coupon,200
1290,642,credit_card,400
1291,643,gift_card,200
1292,643,gift_card,600
1293,644,gift_card,100
1294,645,coupon,800
1295,645,credit_card,100
1296,645,bank_transfer,100
1297,646,coupon,300
1298,647,coupon,800
1299,648,gift_card,300
1300,649,gift_card,300
1301,649,credit_card,100
1302,649,coupon,500
1303,650,gift_card,300
1304,650,credit_card,300
1305,650,coupon,200
1306,651,bank_transfer,400
1307,651,credit_card,200
1308,651,gift_card,200
1309,652,bank_transfer,200
1310,652,coupon,100
1311,653,coupon,100
1312,653,gift_card,200
1313,654,gift_card,200
1314,655,credit_card,400
1315,656,coupon,100
1316,656,coupon,700
1317,657,gift_card,500
1318,658,gift_card,700
1319,658,coupon,100
1320,659,gift_card,400
1321,659,coupon,200
1322,660,coupon,800
1323,660,coupon,100
1324,661,credit_card,300
1325,662,credit_card,200
1326,663,coupon,600
1327,663,credit_card,200
1328,663,bank_transfer,200
1329,664,gift_card,100
1330,664,credit_card,600
1331,664,gift_card,100
1332,665,coupon,800
1333,665,credit_card,100
1334,666,bank_transfer,700
1335,666,credit_card,200
1336,667,credit_card,100
1337,667,gift_card,800
1338,667,coupon,100
1339,668,coupon,500
1340,669,coupon,300
1341,669,credit_card,100
1342,670,credit_card,700
1343,671,credit_card,200
1344,672,bank_transfer,700
1345,672,bank_transfer,200
1346,673,bank_transfer,400
1347,673,coupon,500
1348,674,bank_transfer,600
1349,675,credit_card,400
1350,675,coupon,400
1351,675,bank_transfer,200
1352,676,gift_card,100
1353,676,gift_card,800
1354,677,coupon,300
1355,677,gift_card,600
1356,678,gift_card,300
1357,678,gift_card,600
1358,679,bank_transfer,200
1359,679,bank_transfer,100
1360,679,gift_card,400
1361,680,gift_card,600
1362,681,coupon,700
1363,681,credit_card,200
1364,681,bank_transfer,100
1365,682,gift_card,400
1366,682,coupon,400
1367,683,gift_card,800
1368,683,coupon,100
1369,683,coupon,100
1370,684,credit_card,500
1371,685,credit_card,700
1372,685,credit_card,100
1373,685,coupon,100
1374,686,coupon,300
1375,686,bank_transfer,400
1376,687,credit_card,800
1377,688,bank_transfer,400
1378,689,coupon,800
1379,689,coupon,100
1380,689,gift_card,100
1381,690,credit_card,300
1382,690,gift_card,500
1383,690,coupon,100
1384,691,gift_card,800
1385,691,coupon,100
1386,691,gift_card,100
1387,692,gift_card,200
1388,693,coupon,600
1389,693,credit_card,300
1390,694,gift_card,200
1391,695,gift_card,800
1392,695,credit_card,100
1393,695,bank_transfer,100
1394,696,coupon,200
1395,696,credit_card,600
1396,697,credit_card,300
1397,697,coupon,400
1398,698,bank_transfer,400
1399,699,gift_card,300
1400,699,bank_transfer,400
1401,699,coupon,200
1402,700,gift_card,300
1403,701,credit_card,500
1404,702,gift_card,700
1405,702,bank_transfer,100
1406,702,coupon,200
1407,703,gift_card,100
1408,703,credit_card,300
1409,703,coupon,300
1410,704,bank_transfer,500
1411,705,bank_transfer,500
1412,705,credit_card,300
1413,706,bank_transfer,200
1414,706,credit_card,500
1415,707,credit_card,800
1416,708,bank_transfer,100
1417,708,bank_transfer,300
1418,708,coupon,600
1419,709,gift_card,100
1420,709,bank_transfer,400
1421,709,credit_card,400
1422,710,credit_card,700
1423,711,credit_card,200
1424,711,gift_card,200
1425,712,bank_transfer,100
1426,713,bank_transfer,100
1427,713,credit_card,600
1428,713,gift_card,200
1429,714,coupon,600
1430,715,credit_card,300
1431,715,coupon,500
1432,716,gift_card,400
1433,716,coupon,300
1434,717,gift_card,300
1435,718,gift_card,800
1436,719,coupon,700
1437,719,credit_card,100
1438,720,bank_transfer,400
1439,721,coupon,300
1440,721,bank_transfer,100
1441,722,coupon,800
1442,722,gift_card,100
1443,723,credit_card,400
1444,723,bank_transfer,400
1445,724,gift_card,500
1446,725,bank_transfer,600
1447,725,credit_card,200
1448,725,coupon,100
1449,726,gift_card,500
1450,726,coupon,200
1451,727,gift_card,500
1452,727,credit_card,200
1453,727,coupon,100
1454,728,gift_card,300
1455,728,credit_card,400
1456,729,coupon,800
1457,729,credit_card,100
1458,730,coupon,800
1459,730,bank_transfer,100
1460,731,gift_card,200
1461,732,bank_transfer,400
1462,732,coupon,500
1463,732,coupon,100
1464,733,credit_card,500
1465,733,bank_transfer,200
1466,733,credit_card,100
1467,734,coupon,500
1468,735,gift_card,800
1469,735,credit_card,100
1470,736,gift_card,200
1471,737,coupon,300
1472,737,coupon,400
1473,737,gift_card,200
1474,738,credit_card,300
1475,739,coupon,800
1476,740,bank_transfer,400
1477,740,gift_card,400
1478,741,gift_card,100
1479,741,bank_transfer,600
1480,742,gift_card,300
1481,742,credit_card,100
1482,743,gift_card,800
1483,744,bank_transfer,600
1484,745,gift_card,100
1485,746,bank_transfer,500
1486,746,gift_card,200
1487,747,gift_card,500
1488,748,credit_card,300
1489,749,gift_card,300
1490,749,credit_card,300
1491,750,gift_card,400
1492,750,gift_card,400
1493,751,bank_transfer,700
1494,751,bank_transfer,200
1495,752,bank_transfer,700
1496,752,coupon,200
1497,753,coupon,500
1498,753,bank_transfer,300
1499,753,bank_transfer,200
1500,754,gift_card,800
1501,755,gift_card,700
1502,755,gift_card,100
1503,756,coupon,300
1504,757,coupon,100
1505,758,bank_transfer,600
1506,758,coupon,200
1507,758,coupon,100
1508,759,gift_card,300
1509,759,coupon,500
1510,760,coupon,700
1511,760,coupon,200
1512,761,gift_card,600
1513,761,coupon,100
1514,761,bank_transfer,300
1515,762,gift_card,500
1516,763,bank_transfer,800
1517,763,credit_card,100
1518,764,coupon,500
1519,765,credit_card,800
1520,765,bank_transfer,100
1521,765,gift_card,100
1522,766,bank_transfer,400
1523,766,credit_card,500
1524,767,coupon,500
1525,767,coupon,200
1526,767,credit_card,300
1527,768,bank_transfer,600
1528,769,bank_transfer,400
1529,769,credit_card,100
1530,770,gift_card,200
1531,770,credit_card,100
1532,771,bank_transfer,100
1533,771,credit_card,400
1534,771,bank_transfer,300
1535,772,bank_transfer,800
1536,773,gift_card,100
1537,773,credit_card,600
1538,774,credit_card,400
1539,774,gift_card,300
1540,775,gift_card,700
1541,775,credit_card,200
1542,775,coupon,100
1543,776,coupon,700
1544,777,bank_transfer,700
1545,777,bank_transfer,100
1546,778,credit_card,200
1547,778,credit_card,700
1548,778,coupon,100
1549,779,bank_transfer,200
1550,780,coupon,400
1551,780,bank_transfer,300
1552,781,credit_card,600
1553,782,credit_card,700
1554,782,bank_transfer,200
1555,782,coupon,100
1556,783,coupon,600
1557,783,credit_card,100
1558,783,bank_transfer,200
1559,784,credit_card,300
1560,785,bank_transfer,700
1561,786,credit_card,600
1562,787,bank_transfer,600
1563,787,gift_card,200
1564,788,credit_card,800
1565,789,coupon,500
1566,790,bank_transfer,600
1567,790,credit_card,300
1568,791,coupon,600
1569,792,credit_card,200
1570,793,credit_card,200
1571,793,credit_card,200
1572,793,credit_card,200
1573,794,credit_card,200
1574,795,credit_card,600
1575,795,coupon,200
1576,796,credit_card,700
1577,797,bank_transfer,500
1578,797,coupon,300
1579,798,bank_transfer,100
1580,799,credit_card,600
1581,799,credit_card,200
1582,799,credit_card,200
1583,800,coupon,200
1584,801,bank_transfer,800
1585,801,bank_transfer,100
1586,802,coupon,400
1587,802,bank_transfer,400
1588,803,coupon,700
1589,803,gift_card,100
1590,804,credit_card,500
1591,804,gift_card,300
1592,805,credit_card,200
1593,805,bank_transfer,400
1594,806,credit_card,300
1595,807,credit_card,600
1596,808,bank_transfer,300
1597,808,credit_card,400
1598,808,credit_card,300
1599,809,coupon,500
1600,809,gift_card,100
1601,809,bank_transfer,400
1602,810,gift_card,200
1603,811,coupon,400
1604,811,coupon,200
1605,812,coupon,500
1606,812,coupon,300
1607,812,gift_card,100
1608,813,credit_card,800
1609,813,bank_transfer,100
1610,813,credit_card,100
1611,814,credit_card,800
1612,814,bank_transfer,100
1613,814,credit_card,100
1614,815,coupon,100
1615,815,bank_transfer,400
1616,816,coupon,500
1617,816,coupon,300
1618,816,credit_card,100
1619,817,gift_card,700
1620,818,credit_card,700
1621,819,gift_card,800
1622,819,credit_card,100
1623,820,coupon,100
1624,820,coupon,500
1625,820,bank_transfer,300
1626,821,bank_transfer,700
1627,821,coupon,100
1628,821,gift_card,200
1629,822,coupon,500
1630,823,credit_card,500
1631,823,credit_card,300
1632,824,credit_card,600
1633,824,gift_card,100
1634,825,credit_card,600
1635,826,credit_card,700
1636,826,gift_card,200
1637,826,gift_card,100
1638,827,credit_card,500
1639,828,coupon,200
1640,829,coupon,600
1641,829,credit_card,100
1642,830,coupon,300
1643,831,gift_card,500
1644,832,credit_card,600
1645,832,gift_card,200
1646,832,gift_card,100
1647,833,gift_card,300
1648,834,coupon,700
1649,834,coupon,200
1650,835,credit_card,200
1651,836,credit_card,400
1652,836,coupon,200
1653,836,credit_card,200
1654,837,coupon,100
1655,837,coupon,800
1656,837,gift_card,100
1657,838,credit_card,700
1658,838,bank_transfer,100
1659,838,gift_card,100
1660,839,bank_transfer,800
1661,840,bank_transfer,600
1662,840,credit_card,100
1663,841,coupon,400
1664,842,gift_card,300
1665,842,gift_card,500
1666,842,credit_card,100
1667,843,coupon,600
1668,843,gift_card,100
1669,844,credit_card,400
1670,844,bank_transfer,100
1671,845,coupon,300
1672,845,bank_transfer,600
1673,846,coupon,700
1674,847,bank_transfer,200
1675,848,bank_transfer,200
1676,848,gift_card,700
1677,849,credit_card,500
1678,849,gift_card,200
1679,849,gift_card,300
1680,850,bank_transfer,100
1681,850,coupon,600
1682,850,gift_card,100
1683,851,bank_transfer,400
1684,852,credit_card,700
1685,852,bank_transfer,200
1686,852,bank_transfer,100
1687,853,credit_card,700
1688,853,credit_card,100
1689,853,credit_card,200
1690,854,bank_transfer,100
1691,854,bank_transfer,600
1692,854,gift_card,200
1693,855,bank_transfer,800
1694,855,credit_card,100
1695,855,bank_transfer,100
1696,856,gift_card,300
1697,856,gift_card,500
1698,856,bank_transfer,100
1699,857,bank_transfer,700
1700,857,bank_transfer,200
1701,857,coupon,100
1702,858,credit_card,200
1703,858,gift_card,500
1704,858,coupon,200
1705,859,credit_card,700
1706,859,gift_card,100
1707,860,bank_transfer,300
1708,860,credit_card,600
1709,861,bank_transfer,700
1710,861,credit_card,200
1711,862,bank_transfer,800
1712,862,bank_transfer,100
1713,862,coupon,100
1714,863,gift_card,400
1715,863,gift_card,100
1716,864,coupon,600
1717,864,gift_card,300
1718,865,gift_card,700
1719,866,bank_transfer,300
1720,867,gift_card,400
1721,867,gift_card,200
1722,868,credit_card,800
1723,868,credit_card,100
1724,869,coupon,600
1725,869,gift_card,200
1726,869,gift_card,100
1727,870,coupon,600
1728,870,bank_transfer,200
1729,870,bank_transfer,100
1730,871,bank_transfer,200
1731,872,gift_card,100
1732,872,gift_card,400
1733,872,coupon,100
1734,873,gift_card,600
1735,874,bank_transfer,700
1736,874,credit_card,200
1737,875,gift_card,600
1738,875,coupon,300
1739,876,credit_card,200
1740,876,coupon,700
1741,876,coupon,100
1742,877,credit_card,200
1743,877,coupon,500
1744,877,coupon,300
1745,878,bank_transfer,500
1746,878,credit_card,300
1747,878,credit_card,100
1748,879,gift_card,400
1749,879,coupon,500
1750,879,bank_transfer,100
1751,880,coupon,400
1752,880,bank_transfer,400
1753,880,gift_card,200
1754,881,coupon,200
1755,881,coupon,200
1756,881,coupon,500
1757,882,coupon,300
1758,883,credit_card,100
1759,884,coupon,600
1760,885,bank_transfer,100
1761,885,gift_card,600
1762,885,gift_card,300
1763,886,gift_card,600
1764,886,bank_transfer,200
1765,886,coupon,100
1766,887,coupon,100
1767,888,bank_transfer,400
1768,888,bank_transfer,100
1769,889,credit_card,300
1770,889,credit_card,100
1771,889,credit_card,200
1772,890,credit_card,800
1773,890,bank_transfer,100
1774,890,coupon,100
1775,891,coupon,700
1776,891,coupon,200
1777,892,bank_transfer,700
1778,892,bank_transfer,200
1779,893,gift_card,300
1780,894,coupon,800
1781,895,coupon,700
1782,896,coupon,700
1783,897,bank_transfer,200
1784,898,coupon,600
1785,898,coupon,300
1786,898,credit_card,100
1787,899,gift_card,600
1788,899,coupon,100
1789,900,coupon,300
1790,901,bank_transfer,800
1791,901,coupon,100
1792,901,credit_card,100
1793,902,gift_card,500
1794,903,gift_card,600
1795,903,credit_card,300
1796,903,gift_card,100
1797,904,bank_transfer,500
1798,905,credit_card,800
1799,905,coupon,100
1800,906,credit_card,400
1801,907,coupon,600
1802,907,gift_card,100
1803,908,gift_card,700
1804,909,credit_card,400
1805,909,bank_transfer,200
1806,910,bank_transfer,100
1807,910,bank_transfer,200
1808,910,coupon,100
1809,911,gift_card,500
1810,912,credit_card,700
1811,912,bank_transfer,100
1812,913,coupon,500
1813,913,bank_transfer,300
1814,913,bank_transfer,200
1815,914,bank_transfer,200
1816,915,credit_card,400
1817,916,gift_card,400
1818,916,coupon,100
1819,916,bank_transfer,400
1820,917,credit_card,100
1821,917,gift_card,100
1822,917,credit_card,200
1823,918,coupon,500
1824,918,credit_card,400
1825,919,coupon,700
1826,919,coupon,100
1827,920,coupon,200
1828,921,credit_card,500
1829,921,credit_card,200
1830,922,gift_card,500
1831,923,coupon,500
1832,924,gift_card,300
1833,925,credit_card,400
1834,926,gift_card,500
1835,927,coupon,800
1836,927,credit_card,100
1837,928,credit_card,800
1838,928,gift_card,100
1839,928,coupon,100
1840,929,credit_card,600
1841,929,coupon,300
1842,930,credit_card,600
1843,930,gift_card,100
1844,930,credit_card,200
1845,931,coupon,700
1846,931,credit_card,100
1847,932,credit_card,800
1848,933,coupon,200
1849,934,gift_card,400
1850,934,gift_card,400
1851,934,credit_card,200
1852,935,gift_card,200
1853,935,coupon,300
1854,935,credit_card,100
1855,936,bank_transfer,200
1856,936,bank_transfer,600
1857,937,credit_card,600
1858,938,gift_card,700
1859,938,credit_card,200
1860,938,bank_transfer,100
1861,939,credit_card,300
1862,939,credit_card,100
1863,939,credit_card,400
1864,940,gift_card,400
1865,940,credit_card,200
1866,940,coupon,300
1867,941,coupon,300
1868,941,credit_card,600
1869,941,credit_card,100
1870,942,credit_card,700
1871,943,bank_transfer,400
1872,943,coupon,300
1873,943,bank_transfer,300
1874,944,gift_card,500
1875,944,credit_card,300
1876,945,credit_card,200
1877,946,gift_card,400
1878,946,coupon,100
1879,947,credit_card,700
1880,947,gift_card,100
1881,947,bank_transfer,200
1882,948,credit_card,700
1883,948,credit_card,200
1884,949,coupon,400
1885,950,credit_card,600
1886,951,coupon,400
1887,951,coupon,200
1888,952,credit_card,100
1889,953,credit_card,300
1890,953,bank_transfer,300
1891,954,gift_card,400
1892,955,credit_card,100
1893,955,gift_card,200
1894,956,coupon,400
1895,956,coupon,200
1896,956,gift_card,400
1897,957,bank_transfer,400
1898,957,gift_card,300
1899,957,gift_card,300
1900,958,credit_card,600
1901,959,coupon,400
1902,959,coupon,200
1903,960,coupon,200
1904,960,gift_card,600
1905,960,credit_card,200
1906,961,credit_card,100
1907,961,credit_card,500
1908,962,gift_card,400
1909,962,bank_transfer,400
1910,962,bank_transfer,100
1911,963,coupon,400
1912,964,credit_card,400
1913,964,credit_card,300
1914,965,coupon,100
1915,966,credit_card,600
1916,967,coupon,500
1917,967,credit_card,300
1918,967,credit_card,200
1919,968,credit_card,800
1920,969,bank_transfer,800
1921,969,bank_transfer,100
1922,970,coupon,800
1923,971,gift_card,300
1924,972,coupon,700
1925,972,coupon,100
1926,972,gift_card,100
1927,973,gift_card,200
1928,973,credit_card,300
1929,973,gift_card,100
1930,974,coupon,700
1931,974,bank_transfer,100
1932,974,gift_card,200
1933,975,coupon,300
1934,975,credit_card,500
1935,975,credit_card,100
1936,976,gift_card,100
1937,976,credit_card,400
1938,976,credit_card,500
1939,977,coupon,600
1940,978,coupon,800
1941,979,gift_card,300
1942,980,coupon,600
1943,980,bank_transfer,100
1944,981,bank_transfer,800
1945,981,credit_card,100
1946,981,credit_card,100
1947,982,coupon,800
1948,983,coupon,200
1949,983,bank_transfer,600
1950,984,credit_card,200
1951,984,bank_transfer,500
1952,984,credit_card,300
1953,985,coupon,600
1954,986,gift_card,600
1955,987,credit_card,700
1956,987,bank_transfer,100
1957,987,bank_transfer,100
1958,988,coupon,200
1959,988,gift_card,700
1960,989,coupon,400
1961,989,credit_card,100
1962,990,credit_card,600
1963,990,gift_card,300
1964,990,coupon,100
1965,991,coupon,400
1966,991,coupon,200
1967,992,coupon,500
1968,992,coupon,100
1969,992,bank_transfer,100
1970,993,credit_card,500
1971,993,credit_card,200
1972,993,gift_card,200
1973,994,credit_card,200
1974,994,gift_card,300
1975,994,gift_card,300
1976,995,coupon,400
1977,995,gift_card,400
1978,996,coupon,500
1979,996,bank_transfer,400
1980,996,coupon,100
1981,997,gift_card,500
1982,997,credit_card,400
1983,997,coupon,100
1984,998,bank_transfer,700
1985,998,credit_card,100
1986,999,coupon,300
1987,999,gift_card,300
1988,999,coupon,400
1989,1000,credit_card,200
1990,1001,credit_card,400
1991,1002,gift_card,700
1992,1003,gift_card,600
1993,1004,coupon,400
1994,1004,credit_card,300
1995,1005,coupon,200
1996,1006,coupon,600
1997,1006,coupon,200
1998,1006,coupon,100
1999,1007,gift_card,700
2000,1008,gift_card,300
2001,1008,credit_card,100
2002,1009,gift_card,100
2003,1009,credit_card,400
2004,1009,coupon,100
2005,1010,credit_card,700
2006,1010,bank_transfer,200
2007,1010,bank_transfer,100
2008,1011,coupon,700
2009,1012,bank_transfer,300
2010,1013,coupon,300
2011,1014,coupon,100
2012,1015,coupon,100
2013,1016,coupon,700
2014,1016,gift_card,100
2015,1016,gift_card,200
2016,1017,gift_card,300
2017,1017,gift_card,500
2018,1018,gift_card,700
2019,1018,bank_transfer,100
2020,1018,bank_transfer,100
2021,1019,credit_card,100
2022,1019,gift_card,500
2023,1019,gift_card,300
2024,1020,gift_card,400
2025,1021,bank_transfer,400
2026,1022,gift_card,700
2027,1022,credit_card,100
2028,1022,bank_transfer,200
2029,1023,credit_card,500
2030,1023,bank_transfer,100
2031,1023,coupon,200
2032,1024,coupon,700
2033,1025,bank_transfer,600
2034,1025,coupon,100
2035,1026,credit_card,300
2036,1026,bank_transfer,500
2037,1027,coupon,100
2038,1027,gift_card,700
2039,1028,credit_card,800
2040,1028,coupon,100
2041,1029,credit_card,200
2042,1030,credit_card,100
2043,1031,coupon,600
2044,1031,coupon,100
2045,1031,gift_card,100
2046,1032,coupon,500
2047,1033,credit_card,700
2048,1033,gift_card,200
2049,1033,bank_transfer,100
2050,1034,gift_card,100
2051,1034,gift_card,300
2052,1034,credit_card,500
2053,1035,coupon,200
2054,1035,credit_card,700
2055,1035,gift_card,100
2056,1036,credit_card,500
2057,1037,bank_transfer,800
2058,1037,gift_card,100
2059,1037,credit_card,100
2060,1038,bank_transfer,600
2061,1039,credit_card,800
2062,1039,credit_card,100
2063,1040,credit_card,400
2064,1040,coupon,300
2065,1041,gift_card,200
2066,1041,credit_card,600
2067,1042,gift_card,800
2068,1043,coupon,200
2069,1043,bank_transfer,500
2070,1043,gift_card,300
2071,1044,gift_card,400
2072,1044,gift_card,300
2073,1045,gift_card,100
2074,1045,coupon,800
2075,1045,credit_card,100
2076,1046,coupon,200
2077,1046,bank_transfer,200
2078,1046,credit_card,500
2079,1047,gift_card,500
2080,1047,bank_transfer,100
2081,1047,gift_card,400
2082,1048,credit_card,400
2083,1048,gift_card,100
2084,1049,bank_transfer,600
2085,1050,credit_card,400
2086,1050,gift_card,200
2087,1051,gift_card,400
2088,1051,credit_card,100
2089,1051,credit_card,500
2090,1052,coupon,500
2091,1053,bank_transfer,200
2092,1053,coupon,100
2093,1053,coupon,400
2094,1054,credit_card,200
2095,1054,gift_card,400
2096,1054,bank_transfer,400
2097,1055,credit_card,400
2098,1055,credit_card,300
2099,1055,gift_card,200
2100,1056,coupon,400
2101,1056,coupon,100
2102,1056,gift_card,200
2103,1057,credit_card,200
2104,1058,credit_card,200
2105,1058,coupon,200
2106,1058,credit_card,200
2107,1059,gift_card,200
2108,1059,bank_transfer,100
2109,1059,gift_card,600
2110,1060,gift_card,300
2111,1060,gift_card,300
2112,1061,coupon,200
2113,1061,credit_card,700
2114,1062,gift_card,500
2115,1062,gift_card,100
2116,1063,bank_transfer,700
2117,1064,bank_transfer,600
2118,1064,coupon,200
2119,1065,coupon,300
2120,1065,credit_card,400
2121,1065,bank_transfer,100
2122,1066,credit_card,200
2123,1066,bank_transfer,600
2124,1066,coupon,200
2125,1067,coupon,200
2126,1067,coupon,200
2127,1068,coupon,500
2128,1068,gift_card,200
2129,1069,coupon,700
2130,1069,bank_transfer,100
2131,1069,credit_card,200
2132,1070,credit_card,100
2133,1071,bank_transfer,800
2134,1071,gift_card,100
2135,1072,bank_transfer,200
2136,1072,coupon,500
2137,1072,bank_transfer,300
2138,1073,credit_card,400
2139,1073,credit_card,200
2140,1074,coupon,700
2141,1074,gift_card,200
2142,1075,credit_card,300
2143,1075,credit_card,500
2144,1076,coupon,100
2145,1077,gift_card,700
2146,1077,credit_card,100
2147,1078,coupon,500
2148,1078,coupon,300
2149,1079,bank_transfer,700
2150,1079,gift_card,200
2151,1079,coupon,100
2152,1080,gift_card,400
2153,1081,credit_card,400
2154,1081,bank_transfer,300
2155,1082,coupon,600
2156,1083,bank_transfer,600
2157,1083,bank_transfer,200
2158,1083,gift_card,100
2159,1084,bank_transfer,700
2160,1084,credit_card,100
2161,1084,bank_transfer,200
2162,1085,gift_card,500
2163,1085,bank_transfer,400
2164,1085,coupon,100
2165,1086,credit_card,600
2166,1086,bank_transfer,300
2167,1086,coupon,100
2168,1087,gift_card,600
2169,1087,bank_transfer,300
2170,1088,credit_card,800
2171,1088,credit_card,100
2172,1088,gift_card,100
2173,1089,coupon,400
2174,1090,coupon,200
2175,1090,credit_card,500
2176,1090,bank_transfer,300
2177,1091,coupon,300
2178,1092,coupon,700
2179,1092,credit_card,200
2180,1092,bank_transfer,100
2181,1093,bank_transfer,600
2182,1093,gift_card,100
2183,1094,coupon,800
2184,1095,coupon,600
2185,1096,coupon,700
2186,1096,credit_card,200
2187,1096,credit_card,100
2188,1097,coupon,300
2189,1097,credit_card,500
2190,1098,coupon,400
2191,1099,bank_transfer,700
2192,1099,bank_transfer,100
2193,1100,coupon,400
2194,1100,bank_transfer,100
2195,1100,credit_card,300
2196,1101,credit_card,600
2197,1101,bank_transfer,100
2198,1101,gift_card,100
2199,1102,credit_card,600
2200,1102,coupon,100
2201,1102,credit_card,200
2202,1103,credit_card,100
2203,1103,gift_card,800
2204,1103,bank_transfer,100
2205,1104,credit_card,400
2206,1104,gift_card,500
2207,1105,bank_transfer,300
2208,1106,credit_card,500
2209,1106,gift_card,100
2210,1106,gift_card,100
2211,1107,gift_card,800
2212,1107,coupon,100
2213,1108,credit_card,700
2214,1109,gift_card,400
2215,1110,gift_card,800
2216,1110,gift_card,100
2217,1111,coupon,800
2218,1112,credit_card,500
2219,1113,bank_transfer,300
2220,1113,bank_transfer,300
2221,1113,bank_transfer,300
2222,1114,coupon,500
2223,1114,gift_card,200
2224,1115,gift_card,200
2225,1115,credit_card,400
2226,1116,gift_card,600
2227,1117,gift_card,500
2228,1117,gift_card,200
2229,1118,bank_transfer,100
2230,1118,bank_transfer,700
2231,1118,gift_card,200
2232,1119,gift_card,800
2233,1120,bank_transfer,300
2234,1120,credit_card,500
2235,1120,gift_card,200
2236,1121,credit_card,200
2237,1121,bank_transfer,600
2238,1122,gift_card,700
2239,1123,credit_card,500
2240,1123,gift_card,200
2241,1124,bank_transfer,300
2242,1125,gift_card,300
2243,1126,bank_transfer,700
2244,1126,credit_card,200
2245,1126,coupon,100
2246,1127,coupon,500
2247,1127,coupon,200
2248,1127,gift_card,100
2249,1128,bank_transfer,700
2250,1128,credit_card,200
2251,1129,coupon,300
2252,1129,bank_transfer,100
2253,1130,coupon,400
2254,1131,coupon,300
2255,1131,gift_card,400
2256,1131,bank_transfer,300
2257,1132,gift_card,500
2258,1132,coupon,400
2259,1132,gift_card,100
2260,1133,coupon,600
2261,1133,coupon,100
2262,1134,coupon,500
2263,1134,bank_transfer,300
2264,1135,credit_card,400
2265,1136,gift_card,300
2266,1137,credit_card,700
2267,1137,coupon,200
2268,1137,gift_card,100
2269,1138,bank_transfer,500
2270,1138,gift_card,100
2271,1138,bank_transfer,300
2272,1139,coupon,400
2273,1139,credit_card,500
2274,1140,credit_card,800
2275,1141,credit_card,100
2276,1141,bank_transfer,500
2277,1141,bank_transfer,200
2278,1142,coupon,300
2279,1142,credit_card,200
2280,1143,bank_transfer,100
2281,1143,bank_transfer,400
2282,1143,gift_card,300
2283,1144,coupon,400
2284,1145,gift_card,500
2285,1146,coupon,600
2286,1146,bank_transfer,200
2287,1146,bank_transfer,100
2288,1147,bank_transfer,300
2289,1147,coupon,400
2290,1148,coupon,400
2291,1149,credit_card,400
2292,1149,credit_card,100
2293,1150,coupon,600
2294,1150,bank_transfer,300
2295,1151,credit_card,500
2296,1151,gift_card,100
2297,1151,credit_card,300
2298,1152,gift_card,600
2299,1152,gift_card,200
2300,1153,credit_card,100
2301,1153,gift_card,600
2302,1154,coupon,100
2303,1155,gift_card,600
2304,1156,bank_transfer,500
2305,1157,bank_transfer,800
2306,1158,gift_card,200
2307,1159,bank_transfer,700
2308,1160,bank_transfer,600
2309,1160,credit_card,100
2310,1160,credit_card,300
2311,1161,coupon,600
2312,1161,coupon,300
2313,1161,coupon,100
2314,1162,gift_card,500
2315,1163,coupon,400
2316,1164,bank_transfer,100
2317,1164,coupon,600
2318,1164,coupon,300
2319,1165,coupon,100
2320,1166,gift_card,600
2321,1167,credit_card,500
2322,1167,gift_card,300
2323,1168,gift_card,800
2324,1168,coupon,100
2325,1168,coupon,100
2326,1169,coupon,600
2327,1169,gift_card,100
2328,1170,bank_transfer,700
2329,1170,credit_card,200
2330,1170,coupon,100
2331,1171,bank_transfer,200
2332,1171,credit_card,400
2333,1172,coupon,200
2334,1173,gift_card,700
2335,1174,coupon,800
2336,1175,coupon,300
2337,1175,gift_card,200
2338,1176,credit_card,400
2339,1177,gift_card,300
2340,1177,credit_card,500
2341,1178,bank_transfer,200
2342,1179,bank_transfer,200
2343,1180,gift_card,600
2344,1180,credit_card,100
2345,1180,coupon,100
2346,1181,gift_card,600
2347,1181,gift_card,300
2348,1182,bank_transfer,400
2349,1182,gift_card,300
2350,1183,bank_transfer,700
2351,1183,gift_card,100
2352,1183,credit_card,200
2353,1184,bank_transfer,300
2354,1184,coupon,300
2355,1185,bank_transfer,500
2356,1185,credit_card,200
2357,1185,credit_card,100
2358,1186,coupon,400
2359,1186,coupon,500
2360,1187,bank_transfer,700
2361,1187,gift_card,100
2362,1187,coupon,200
2363,1188,gift_card,200
2364,1188,credit_card,400
2365,1188,coupon,300
2366,1189,coupon,500
2367,1190,credit_card,800
2368,1190,gift_card,100
2369,1190,credit_card,100
2370,1191,coupon,600
2371,1191,gift_card,100
2372,1192,bank_transfer,100
2373,1193,bank_transfer,800
2374,1194,credit_card,500
2375,1195,credit_card,700
2376,1196,credit_card,700
2377,1197,gift_card,300
2378,1197,credit_card,100
2379,1197,credit_card,600
2380,1198,bank_transfer,500
2381,1198,credit_card,400
2382,1199,bank_transfer,300
2383,1200,bank_transfer,600
2384,1201,gift_card,400
2385,1201,credit_card,300
2386,1201,credit_card,200
2387,1202,gift_card,800
2388,1202,credit_card,100
2389,1203,gift_card,200
2390,1204,credit_card,500
2391,1204,coupon,200
2392,1204,coupon,300
2393,1205,coupon,700
2394,1206,gift_card,100
2395,1206,gift_card,700
2396,1207,bank_transfer,800
2397,1208,coupon,600
2398,1209,bank_transfer,200
2399,1210,coupon,200
2400,1210,gift_card,200
2401,1210,gift_card,200
2402,1211,coupon,200
2403,1211,bank_transfer,300
2404,1212,gift_card,700
2405,1213,gift_card,700
2406,1214,bank_transfer,700
2407,1214,credit_card,100
2408,1215,credit_card,700
2409,1215,gift_card,200
2410,1215,credit_card,100
2411,1216,credit_card,800
2412,1216,gift_card,100
2413,1216,coupon,100
2414,1217,coupon,500
2415,1218,bank_transfer,500
2416,1218,credit_card,100
2417,1218,coupon,300
2418,1219,coupon,600
2419,1220,gift_card,200
2420,1221,gift_card,100
2421,1222,gift_card,100
2422,1223,gift_card,700
2423,1223,bank_transfer,100
2424,1223,gift_card,100
2425,1224,gift_card,100
2426,1225,credit_card,100
2427,1226,bank_transfer,300
2428,1226,bank_transfer,500
2429,1227,bank_transfer,500
2430,1228,credit_card,700
2431,1228,gift_card,100
2432,1228,coupon,100
2433,1229,coupon,800
2434,1230,coupon,400
2435,1231,credit_card,400
2436,1232,coupon,800
2437,1232,credit_card,100
2438,1232,coupon,100
2439,1233,gift_card,800
2440,1234,gift_card,600
2441,1234,gift_card,300
2442,1235,credit_card,600
2443,1235,credit_card,200
2444,1235,coupon,100
2445,1236,bank_transfer,500
2446,1236,coupon,300
2447,1237,gift_card,200
2448,1237,bank_transfer,100
2449,1237,gift_card,600
2450,1238,coupon,800
2451,1238,gift_card,100
2452,1238,coupon,100
2453,1239,bank_transfer,100
2454,1239,coupon,300
2455,1239,credit_card,600
2456,1240,coupon,600
2457,1241,credit_card,700
2458,1241,bank_transfer,200
2459,1242,coupon,200
2460,1242,credit_card,300
2461,1243,credit_card,100
2462,1244,bank_transfer,600
2463,1244,bank_transfer,100
2464,1244,gift_card,200
2465,1245,bank_transfer,700
2466,1246,credit_card,400
2467,1246,bank_transfer,400
2468,1247,credit_card,500
2469,1247,credit_card,400
2470,1248,gift_card,500
2471,1248,gift_card,200
2472,1249,gift_card,500
2473,1249,credit_card,300
2474,1250,credit_card,200
2475,1250,bank_transfer,500
2476,1250,gift_card,300
2477,1251,gift_card,400
2478,1251,coupon,100
2479,1252,bank_transfer,600
2480,1253,bank_transfer,500
2481,1253,coupon,200
2482,1254,gift_card,800
2483,1254,coupon,100
2484,1255,bank_transfer,600
2485,1255,bank_transfer,300
2486,1255,credit_card,100
2487,1256,gift_card,100
2488,1257,credit_card,100
2489,1257,bank_transfer,600
2490,1258,gift_card,700
2491,1259,gift_card,600
2492,1259,credit_card,100
2493,1260,coupon,600
2494,1260,gift_card,300
2495,1261,credit_card,100
2496,1261,bank_transfer,200
2497,1261,gift_card,300
2498,1262,gift_card,600
2499,1262,coupon,300
2500,1263,coupon,500
2501,1263,gift_card,300
2502,1264,bank_transfer,400
2503,1264,gift_card,400
2504,1264,coupon,100
2505,1265,coupon,600
2506,1265,credit_card,300
2507,1265,credit_card,100
2508,1266,credit_card,500
2509,1266,gift_card,300
2510,1267,bank_transfer,100
2511,1268,coupon,200
2512,1268,coupon,500
2513,1268,bank_transfer,200
2514,1269,bank_transfer,400
2515,1270,credit_card,500
2516,1270,credit_card,300
2517,1270,credit_card,200
2518,1271,credit_card,300
2519,1272,credit_card,200
2520,1272,coupon,300
2521,1273,gift_card,700
2522,1273,credit_card,200
2523,1274,coupon,400
2524,1274,credit_card,100
2525,1274,coupon,200
2526,1275,coupon,200
2527,1275,coupon,700
2528,1276,coupon,700
2529,1277,credit_card,200
2530,1277,gift_card,700
2531,1277,coupon,100
2532,1278,coupon,200
2533,1278,credit_card,300
2534,1278,coupon,300
2535,1279,bank_transfer,400
2536,1279,credit_card,400
2537,1280,coupon,500
2538,1280,coupon,400
2539,1281,coupon,700
2540,1282,gift_card,300
2541,1282,gift_card,300
2542,1283,gift_card,800
2543,1284,coupon,600
2544,1284,credit_card,100
2545,1284,coupon,300
2546,1285,gift_card,500
2547,1285,credit_card,300
2548,1286,coupon,300
2549,1286,coupon,300
2550,1286,bank_transfer,100
2551,1287,credit_card,400
2552,1287,credit_card,200
2553,1288,gift_card,700
2554,1289,gift_card,700
2555,1289,bank_transfer,200
2556,1289,bank_transfer,100
2557,1290,gift_card,800
2558,1290,coupon,100
2559,1290,gift_card,100
2560,1291,gift_card,100
2561,1291,coupon,300
2562,1292,bank_transfer,100
2563,1293,bank_transfer,500
2564,1293,bank_transfer,300
2565,1294,bank_transfer,600
2566,1295,coupon,300
2567,1296,coupon,500
2568,1297,bank_transfer,400
2569,1297,gift_card,100
2570,1298,bank_transfer,500
2571,1298,credit_card,200
2572,1298,gift_card,200
2573,1299,bank_transfer,700
2574,1299,credit_card,100
2575,1299,credit_card,100
2576,1300,coupon,600
2577,1300,bank_transfer,100
2578,1300,coupon,100
2579,1301,coupon,800
2580,1301,credit_card,100
2581,1301,coupon,100
2582,1302,bank_transfer,800
2583,1302,gift_card,100
2584,1303,coupon,100
2585,1304,bank_transfer,100
2586,1304,credit_card,200
2587,1304,coupon,700
2588,1305,coupon,200
2589,1305,coupon,300
2590,1305,credit_card,400
2591,1306,bank_transfer,700
2592,1307,bank_transfer,300
2593,1307,coupon,600
2594,1308,gift_card,200
2595,1309,bank_transfer,100
2596,1310,coupon,800
2597,1310,gift_card,100
2598,1310,credit_card,100
2599,1311,coupon,800
2600,1311,bank_transfer,100
2601,1312,gift_card,800
2602,1313,gift_card,600
2603,1314,gift_card,600
2604,1314,credit_card,100
2605,1315,coupon,600
2606,1315,bank_transfer,100
2607,1316,gift_card,300
2608,1316,bank_transfer,500
2609,1316,gift_card,200
2610,1317,bank_transfer,100
2611,1317,bank_transfer,800
2612,1317,coupon,100
2613,1318,credit_card,700
2614,1319,gift_card,200
2615,1319,gift_card,400
2616,1320,gift_card,600
2617,1321,coupon,100
2618,1321,gift_card,500
2619,1321,bank_transfer,300
2620,1322,coupon,700
2621,1322,credit_card,200
2622,1323,credit_card,800
2623,1323,credit_card,100
2624,1323,credit_card,100
2625,1324,bank_transfer,700
2626,1325,coupon,800
2627,1325,bank_transfer,100
2628,1326,credit_card,400
2629,1326,gift_card,300
2630,1327,gift_card,500
2631,1328,coupon,500
2632,1328,gift_card,200
2633,1328,credit_card,200
2634,1329,bank_transfer,500
2635,1330,coupon,600
2636,1330,coupon,300
2637,1330,credit_card,100
2638,1331,gift_card,400
2639,1331,credit_card,300
2640,1332,bank_transfer,300
2641,1332,gift_card,100
2642,1333,credit_card,800
2643,1334,bank_transfer,200
2644,1334,bank_transfer,600
2645,1335,credit_card,400
2646,1335,gift_card,100
2647,1336,credit_card,300
2648,1337,coupon,400
2649,1337,coupon,500
2650,1338,bank_transfer,700
2651,1338,credit_card,100
2652,1338,coupon,200
2653,1339,gift_card,700
2654,1339,credit_card,100
2655,1340,gift_card,800
2656,1340,credit_card,100
2657,1341,gift_card,500
2658,1342,credit_card,800
2659,1342,gift_card,100
2660,1342,gift_card,100
2661,1343,credit_card,300
2662,1343,bank_transfer,300
2663,1344,bank_transfer,400
2664,1345,bank_transfer,400
2665,1346,credit_card,500
2666,1346,gift_card,200
2667,1346,bank_transfer,200
2668,1347,gift_card,500
2669,1347,coupon,100
2670,1347,coupon,100
2671,1348,bank_transfer,600
2672,1349,bank_transfer,700
2673,1349,coupon,100
2674,1350,bank_transfer,200
2675,1351,credit_card,100
2676,1351,gift_card,200
2677,1351,gift_card,300
2678,1352,bank_transfer,800
2679,1353,bank_transfer,200
2680,1353,bank_transfer,300
2681,1354,coupon,300
2682,1354,credit_card,200
2683,1354,coupon,300
2684,1355,coupon,300
2685,1356,coupon,500
2686,1357,coupon,700
2687,1358,gift_card,400
2688,1358,credit_card,300
2689,1359,credit_card,100
2690,1360,gift_card,300
2691,1360,bank_transfer,500
2692,1360,gift_card,200
2693,1361,credit_card,300
2694,1362,credit_card,300
2695,1363,gift_card,100
2696,1363,bank_transfer,400
2697,1364,credit_card,500
2698,1364,gift_card,400
2699,1364,coupon,100
2700,1365,gift_card,500
2701,1366,coupon,400
2702,1366,credit_card,500
2703,1367,credit_card,200
2704,1367,gift_card,700
2705,1368,bank_transfer,800
2706,1369,bank_transfer,800
2707,1369,gift_card,100
2708,1370,bank_transfer,100
2709,1371,gift_card,400
2710,1371,gift_card,300
2711,1371,coupon,100
2712,1372,coupon,400
2713,1372,bank_transfer,200
2714,1373,coupon,500
2715,1373,credit_card,100
2716,1373,credit_card,100
2717,1374,bank_transfer,800
2718,1374,gift_card,100
2719,1375,gift_card,600
2720,1376,credit_card,700
2721,1376,credit_card,100
2722,1376,bank_transfer,100
2723,1377,bank_transfer,100
2724,1378,bank_transfer,600
2725,1378,coupon,200
2726,1378,credit_card,200
2727,1379,coupon,700
2728,1379,credit_card,200
2729,1379,coupon,100
2730,1380,gift_card,600
2731,1381,gift_card,800
2732,1381,bank_transfer,100
2733,1382,gift_card,500
2734,1382,bank_transfer,100
2735,1382,bank_transfer,200
2736,1383,credit_card,500
2737,1383,bank_transfer,200
2738,1383,bank_transfer,100
2739,1384,bank_transfer,800
2740,1384,gift_card,100
2741,1385,coupon,800
2742,1386,credit_card,700
2743,1386,gift_card,100
2744,1387,coupon,300
2745,1388,coupon,700
2746,1388,credit_card,100
2747,1388,coupon,200
2748,1389,gift_card,800
2749,1389,coupon,100
2750,1389,coupon,100
2751,1390,bank_transfer,700
2752,1390,gift_card,100
2753,1390,gift_card,200
2754,1391,bank_transfer,700
2755,1391,gift_card,100
2756,1392,gift_card,300
2757,1393,coupon,500
2758,1393,gift_card,400
2759,1393,gift_card,100
2760,1394,credit_card,100
2761,1395,bank_transfer,200
2762,1396,bank_transfer,600
2763,1396,gift_card,200
2764,1396,gift_card,100
2765,1397,coupon,500
2766,1398,coupon,700
2767,1398,credit_card,200
2768,1399,gift_card,600
2769,1400,credit_card,100
2770,1400,credit_card,700
2771,1401,bank_transfer,700
2772,1401,credit_card,100
2773,1402,bank_transfer,700
2774,1402,bank_transfer,100
2775,1402,credit_card,200
2776,1403,gift_card,600
2777,1403,bank_transfer,100
2778,1404,credit_card,500
2779,1404,coupon,400
2780,1405,bank_transfer,300
2781,1406,credit_card,700
2782,1406,coupon,100
2783,1406,gift_card,200
2784,1407,bank_transfer,400
2785,1407,gift_card,100
2786,1408,gift_card,400
2787,1408,credit_card,300
2788,1408,gift_card,200
2789,1409,coupon,200
2790,1409,bank_transfer,400
2791,1410,credit_card,200
2792,1410,gift_card,200
2793,1411,bank_transfer,600
2794,1411,bank_transfer,100
2795,1411,gift_card,200
2796,1412,credit_card,500
2797,1412,credit_card,200
2798,1413,bank_transfer,800
2799,1413,bank_transfer,100
2800,1414,gift_card,600
2801,1414,coupon,200
2802,1414,coupon,100
2803,1415,credit_card,100
2804,1415,credit_card,600
2805,1415,bank_transfer,300
2806,1416,bank_transfer,800
2807,1417,coupon,400
2808,1418,coupon,700
2809,1419,credit_card,600
2810,1419,credit_card,200
2811,1419,gift_card,100
2812,1420,coupon,600
2813,1421,bank_transfer,500
2814,1422,coupon,100
2815,1422,bank_transfer,800
2816,1423,gift_card,500
2817,1424,coupon,100
2818,1425,coupon,600
2819,1426,gift_card,300
2820,1427,coupon,100
2821,1427,bank_transfer,500
2822,1428,coupon,800
2823,1429,coupon,300
2824,1430,gift_card,200
2825,1431,credit_card,400
2826,1431,credit_card,400
2827,1431,credit_card,100
2828,1432,coupon,200
2829,1432,credit_card,400
2830,1433,gift_card,300
2831,1434,gift_card,200
2832,1435,credit_card,500
2833,1436,credit_card,200
2834,1436,coupon,700
2835,1436,gift_card,100
2836,1437,gift_card,400
2837,1438,gift_card,100
2838,1438,gift_card,200
2839,1438,gift_card,500
2840,1439,bank_transfer,200
2841,1440,bank_transfer,400
2842,1441,gift_card,200
2843,1442,coupon,800
2844,1443,gift_card,600
2845,1443,bank_transfer,300
2846,1444,gift_card,200
2847,1444,credit_card,100
2848,1445,bank_transfer,300
2849,1446,coupon,700
2850,1446,gift_card,100
2851,1446,gift_card,200
2852,1447,bank_transfer,800
2853,1447,coupon,100
2854,1447,coupon,100
2855,1448,coupon,700
2856,1449,credit_card,800
2857,1449,credit_card,100
2858,1449,coupon,100
2859,1450,gift_card,200
2860,1450,gift_card,300
2861,1450,bank_transfer,400
2862,1451,credit_card,800
2863,1452,gift_card,500
2864,1453,gift_card,300
2865,1454,gift_card,100
2866,1455,bank_transfer,500
2867,1455,gift_card,400
2868,1456,gift_card,700
2869,1456,coupon,200
2870,1457,coupon,500
2871,1457,coupon,200
2872,1457,bank_transfer,300
2873,1458,gift_card,100
2874,1459,bank_transfer,500
2875,1459,credit_card,100
2876,1459,coupon,200
2877,1460,gift_card,200
2878,1460,bank_transfer,500
2879,1461,bank_transfer,100
2880,1461,bank_transfer,500
2881,1462,bank_transfer,300
2882,1463,coupon,500
2883,1464,coupon,800
2884,1464,bank_transfer,100
2885,1465,credit_card,400
2886,1465,credit_card,500
2887,1465,coupon,100
2888,1466,coupon,400
2889,1466,coupon,100
2890,1467,gift_card,800
2891,1467,bank_transfer,100
2892,1468,coupon,700
2893,1468,bank_transfer,200
2894,1468,credit_card,100
2895,1469,coupon,700
2896,1469,credit_card,200
2897,1470,gift_card,400
2898,1470,gift_card,500
2899,1470,credit_card,100
2900,1471,credit_card,500
2901,1472,credit_card,400
2902,1472,bank_transfer,400
2903,1473,credit_card,500
2904,1474,credit_card,800
2905,1474,coupon,100
2906,1475,bank_transfer,400
2907,1475,bank_transfer,400
2908,1476,gift_card,400
2909,1477,bank_transfer,300
2910,1477,gift_card,200
2911,1478,coupon,200
2912,1478,gift_card,700
2913,1479,credit_card,500
2914,1479,coupon,100
2915,1480,credit_card,300
2916,1480,gift_card,400
2917,1481,gift_card,300
2918,1481,bank_transfer,500
2919,1482,credit_card,300
2920,1482,bank_transfer,600
2921,1483,gift_card,600
2922,1483,gift_card,200
2923,1483,credit_card,200
2924,1484,coupon,700
2925,1484,gift_card,100
2926,1484,bank_transfer,100
2927,1485,credit_card,500
2928,1485,coupon,400
2929,1485,bank_transfer,100
2930,1486,credit_card,800
2931,1486,gift_card,100
2932,1486,coupon,100
2933,1487,credit_card,800
2934,1487,gift_card,100
2935,1487,credit_card,100
2936,1488,bank_transfer,100
2937,1488,bank_transfer,400
2938,1489,credit_card,500
2939,1490,bank_transfer,800
2940,1491,credit_card,200
2941,1492,bank_transfer,700
2942,1493,credit_card,400
2943,1493,bank_transfer,400
2944,1494,bank_transfer,200
2945,1494,bank_transfer,500
2946,1494,credit_card,300
2947,1495,bank_transfer,500
2948,1495,gift_card,300
2949,1496,gift_card,400
2950,1497,bank_transfer,400
2951,1498,bank_transfer,100
2952,1498,coupon,100
2953,1499,coupon,600
2954,1500,credit_card,300
2955,1500,bank_transfer,300
2956,1500,bank_transfer,300
